{
  "feature": "twilightforest:mystical_mushrooms",
  "placement": [
    {
      "type": "minecraft:in_square"
    },
    {
      "type": "minecraft:height_range",
      "height": {
        "type": "minecraft:uniform",
        "min_inclusive": {
          "above_bottom": 0
        },
        "max_inclusive": {
          "above_bottom": 60
        }
      },
      "heightmap": "MOTION_BLOCKING_NO_LEAVES"
    },
    {
      "type": "minecraft:block_predicate_filter",
      "predicate": {
        "type": "minecraft:has_sturdy_face",
        "direction": "down"
      }
    }
  ]
}
